{"cameraMode":{"drawMode":0,"name":"Shaded","section":"Shading Mode"},"sceneLighting":false,"audioPlay":false,"sceneViewState":{"m_AlwaysRefresh":false,"showFog":true,"showSkybox":false,"showFlares":true,"showImageEffects":true,"showParticleSystems":true,"showVisualEffectGraphs":true,"m_FxEnabled":true},"in2DMode":false,"pivot":{"x":0.009773105382919312,"y":-0.08754459023475647,"z":0.058097898960113528},"rotation":{"x":0.4506617784500122,"y":-0.33551907539367678,"z":0.1876746267080307,"w":0.8056759238243103},"size":0.3003365099430084,"orthographic":false}